"Iteration","cD Monitor: cD Monitor"
1.0,1.2659579520868325
2.0,0.8350143537283824
3.0,0.23639680937450028
4.0,0.14820534500815755
5.0,0.022034625374193977
6.0,0.010905853740210913
7.0,0.009717498057092662
8.0,0.020357843084904268
9.0,0.02398353147631782
10.0,0.026967863476826868
11.0,0.02851922053702838
12.0,0.027758753982309536
13.0,0.025933923279793453
14.0,0.02391915667809469
15.0,0.021065016689844195
16.0,0.019097499270732378
17.0,0.01755021221635048
18.0,0.01614476314099138
19.0,0.015454836875991262
20.0,0.014933479345296766
21.0,0.014543879524215802
22.0,0.0142387410239196
23.0,0.01390065980219581
24.0,0.013567135435747106
25.0,0.013259780814303292
26.0,0.01298367490877609
27.0,0.012730117764168545
28.0,0.012498073808217408
29.0,0.012285561186638982
30.0,0.012099805497226012
31.0,0.011950531992490476
32.0,0.011837983274127882
33.0,0.01176628270214934
34.0,0.011716346711092744
35.0,0.01173217783904986
36.0,0.011765523804730064
37.0,0.011847086105484083
38.0,0.011938776725249043
39.0,0.012052394118195293
40.0,0.012183436188228649
41.0,0.01232314316450184
42.0,0.01247094467112205
43.0,0.012615364830433382
44.0,0.012756233633665228
45.0,0.012890984462310913
46.0,0.013018658120867102
47.0,0.013135269885862924
48.0,0.01324419935328158
49.0,0.013340453039771891
50.0,0.013427711946678545
51.0,0.013502968389293697
52.0,0.013565292578557401
53.0,0.01361616973495213
54.0,0.013655076242826218
55.0,0.013684472058365711
56.0,0.013703579487621144
57.0,0.013713698024140197
58.0,0.013715118345232624
59.0,0.013708710739603242
60.0,0.01369558567173435
61.0,0.013703856680102558
62.0,0.013644968852669241
63.0,0.013643935731396988
64.0,0.01357960322372216
65.0,0.013572645412399886
66.0,0.013508927098478424
67.0,0.013497101989822353
68.0,0.013432049399863494
69.0,0.01341694824848651
70.0,0.01335186547049812
71.0,0.013334445004071988
72.0,0.013269583571467151
73.0,0.013251194356288696
74.0,0.013188472465849239
75.0,0.013169569330877437
76.0,0.013109427915670024
77.0,0.013090746917273228
78.0,0.013033113861526127
79.0,0.013015011816939256
80.0,0.012960732613440697
81.0,0.012943002344152271
82.0,0.012891357982280487
83.0,0.012874074603251885
84.0,0.012824604666873027
85.0,0.012808074857053021
86.0,0.012760867199582828
87.0,0.012745157592072604
88.0,0.01270086941835637
89.0,0.012686047470633555
90.0,0.012644156893454083
91.0,0.0126299990781132
92.0,0.012589656226136036
93.0,0.012576212545100777
94.0,0.012538807859651408
95.0,0.012526209981607387
96.0,0.012490346099123325
97.0,0.012478420268470226
98.0,0.012444187631817519
99.0,0.012432983984327482
100.0,0.012400938788805958
101.0,0.012390534734596476
102.0,0.0123606931064862
103.0,0.01235087792431407
104.0,0.012322953467159859
105.0,0.012313749289046461
106.0,0.012287118276270355
107.0,0.012278546976390909
108.0,0.012253963801634234
109.0,0.012246002195823977
110.0,0.012223144129593974
111.0,0.012215795949312661
112.0,0.01219471785210638
113.0,0.01218784802177723
114.0,0.012168421433168874
115.0,0.01216209284522926
116.0,0.012144278935690499
117.0,0.012138334128934726
118.0,0.012121821449965308
119.0,0.012116292336743452
120.0,0.01210112788650701
121.0,0.012096045081677841
122.0,0.012082105950502985
123.0,0.012077365636077447
124.0,0.01206482538734012
125.0,0.012060392760008339
126.0,0.012048769249684108
127.0,0.012044715325881427
128.0,0.012034201546441504
129.0,0.012030387433144798
130.0,0.012020990309610895
131.0,0.012017503420025312
132.0,0.012012703330721646
133.0,0.012002224173146253
134.0,0.011999143280913397
135.0,0.011995109998985079
136.0,0.011986791104791358
137.0,0.011984302079566432
138.0,0.01198104562670538
139.0,0.011974888562006038
140.0,0.011972646355240568
141.0,0.011969648551122168
142.0,0.011964095641909442
143.0,0.011962225447161075
144.0,0.011959697349648407
145.0,0.011955351294832906
146.0,0.011953686647635879
147.0,0.011951530790932202
148.0,0.011947986216183829
149.0,0.011946617546553264
150.0,0.011944856819471274
151.0,0.011942232934473314
152.0,0.011941065243815519
153.0,0.01193958910144925
154.0,0.011937656954758014
155.0,0.0119367804527006
156.0,0.011935547946962133
157.0,0.011934480575069257
158.0,0.011933463976552715
159.0,0.011932198279824254
160.0,0.011931266740944118
161.0,0.011930371256808816
162.0,0.011929435006028836
163.0,0.011929470441915826
164.0,0.011928661833786993
165.0,0.011927903172434286
166.0,0.011928173994951208
167.0,0.011927405586962472
168.0,0.011926774246890367
169.0,0.01192737185011069
170.0,0.011926607172624677
171.0,0.011925960496104178
172.0,0.011925995866264175
173.0,0.01192528444258264
174.0,0.011924733126196567
175.0,0.011925137622013027
176.0,0.011924477446413338
177.0,0.011923977042984472
178.0,0.011924447011044103
179.0,0.011923817273571672
180.0,0.01192335586357672
181.0,0.011923747660051751
182.0,0.011923177513251402
183.0,0.011922785288132058
184.0,0.011923392842029212
185.0,0.011922866996805425
186.0,0.011922541640580535
187.0,0.011923335740683237
188.0,0.011922824199085724
189.0,0.011922345831590499
190.0,0.011922495009357874
191.0,0.011921999937522701
192.0,0.011921532808869362
193.0,0.011921791945133077
194.0,0.011921351928336134
195.0,0.011921035012379295
196.0,0.01192118197845455
197.0,0.011920770793176643
198.0,0.011920466912187488
199.0,0.011920884742638138
200.0,0.011920489859589543
201.0,0.011920156976870426
202.0,0.011920297207730806
203.0,0.011919910887224515
204.0,0.011919466611687114
205.0,0.011919288620090751
206.0,0.011918925053749306
207.0,0.011918529779538192
208.0,0.011918356342533874
209.0,0.011918010781492922
210.0,0.011917605862891123
211.0,0.011917417073651399
212.0,0.01191708865869294
213.0,0.01191669444156979
214.0,0.01191643326608552
215.0,0.011916109166733496
216.0,0.011915696122854261
217.0,0.011915151818702079
218.0,0.011914834059439789
219.0,0.011914347990892683
220.0,0.011913649061067857
221.0,0.011913484532347413
222.0,0.011913121915039095
223.0,0.011912675468898824
224.0,0.01191241702736524
225.0,0.01191196295738357
226.0,0.011911128849168291
227.0,0.011910820306403676
228.0,0.01191032371331704
229.0,0.011909394415541138
230.0,0.011909097838570347
231.0,0.011908620604954744
232.0,0.011907743828843792
233.0,0.011907473668559598
234.0,0.011907076105747032
235.0,0.011906284162733259
236.0,0.01190599297934792
237.0,0.011905526325470008
238.0,0.011904667928894327
239.0,0.011904387031320698
240.0,0.01190390834497481
241.0,0.011902961812125499
242.0,0.011902662318122967
243.0,0.01190218757631989
244.0,0.011901238593995693
245.0,0.011900972290808422
246.0,0.011900550658167827
247.0,0.011899988117344048
248.0,0.011898990490457534
249.0,0.011898760744654732
250.0,0.011898418781693343
251.0,0.01189792674508179
252.0,0.011897043325773456
253.0,0.011896806829859025
254.0,0.011896424892637494
255.0,0.011895924815946826
256.0,0.011894931626437358
257.0,0.011894703375310671
258.0,0.011894390532272396
259.0,0.011893945869496934
260.0,0.011893025541198202
261.0,0.01189284506013099
262.0,0.011892555023561792
263.0,0.011892166856590627
264.0,0.01189143577295074
265.0,0.011891268433864271
266.0,0.011890997136297992
267.0,0.011890636354122705
268.0,0.011889849180259256
269.0,0.011889684694090106
270.0,0.011889441376076617
271.0,0.011889101029855593
272.0,0.011888439083594425
273.0,0.011888315579622161
274.0,0.01188808206650143
275.0,0.011887758688405869
276.0,0.0118873505908378
277.0,0.01188669007730215
278.0,0.011886594584356914
279.0,0.011886442963589008
280.0,0.01188621631114789
281.0,0.011885943759848307
282.0,0.011885483487444172
283.0,0.011885411830012422
284.0,0.011885283365165679
285.0,0.011885095754866236
286.0,0.011884849115097289
287.0,0.011884489048512562
288.0,0.0118844275714898
289.0,0.011884331413759485
290.0,0.011884169755656843
291.0,0.011883927644304135
292.0,0.011883535238719052
293.0,0.011883493905336325
294.0,0.011883455688763058
295.0,0.011883354929668993
296.0,0.011883176294959314
297.0,0.011882977952710571
298.0,0.011882941973339285
299.0,0.011882892651206371
300.0,0.011882761765334076
301.0,0.011882607633207623
302.0,0.011882368764242784
303.0,0.011882347885227608
304.0,0.011882336538890547
305.0,0.011882260619705947
306.0,0.011882128544164114
307.0,0.011881983372932885
308.0,0.01188197465941369
309.0,0.011881986519522056
310.0,0.011881935112060597
311.0,0.01188183673442637
312.0,0.011881761701012614
313.0,0.011881760488406699
314.0,0.011881787899214607
315.0,0.011881756550573323
316.0,0.011881671742247921
317.0,0.01188165937952981
318.0,0.011881660880304354
319.0,0.011881684805546546
320.0,0.011881640891889532
321.0,0.011881549524429576
322.0,0.011881490043498769
323.0,0.0118814918263929
324.0,0.011881509183604515
325.0,0.011881492096451115
326.0,0.011881435104134967
327.0,0.011881414887402271
328.0,0.011881425215437742
329.0,0.011881455147375722
330.0,0.01188144990113989
331.0,0.011881423342354773
332.0,0.011881472203705657
333.0,0.011881488342016435
334.0,0.011881561846102414
335.0,0.011881568738063111
336.0,0.011881544338620797
337.0,0.011881570492280377
338.0,0.01188158678632964
339.0,0.011881640450310597
340.0,0.01188164655404519
341.0,0.0118816258464058
342.0,0.011881588800173131
343.0,0.011881663047293177
344.0,0.011881690642836569
345.0,0.011881755634935043
346.0,0.011881799190237383
347.0,0.0118818024102872
348.0,0.01188180102451781
349.0,0.011881774435675403
350.0,0.011881942242546151
351.0,0.011882066604907135
352.0,0.011882147702942231
353.0,0.01188219362239601
354.0,0.011882194527008777
355.0,0.011882172328801274
356.0,0.01188214819571669
357.0,0.011882134285025384
358.0,0.011882239408585724
359.0,0.011882361816833257
360.0,0.011882457406743653
361.0,0.011882519354314437
362.0,0.011882551122617439
363.0,0.011882567092464855
364.0,0.011882564098991097
365.0,0.011882669389284183
366.0,0.011882766845944434
367.0,0.011882857787988341
368.0,0.011882917587827772
369.0,0.011882920604623485
370.0,0.011882890952738964
371.0,0.011882835855004279
372.0,0.011882775758080296
373.0,0.011882732845466962
374.0,0.011882731329713216
375.0,0.011882751087507344
376.0,0.011882806615733299
377.0,0.011882878417914664
378.0,0.011882980156501063
379.0,0.011883085383382433
380.0,0.011883211352837144
381.0,0.01188333367838086
382.0,0.011883452070338703
383.0,0.011883557086008674
384.0,0.011883661161243042
385.0,0.01188374737554112
386.0,0.011883817898221377
387.0,0.011883878664669974
388.0,0.01188393667808579
389.0,0.011883996288573494
390.0,0.011884036854558291
391.0,0.011884075082026713
392.0,0.011884116101878369
393.0,0.011884168154105455
394.0,0.0118842244119189
395.0,0.01188430045663543
396.0,0.011884361084384436
397.0,0.011884434910736475
398.0,0.011884496116838814
399.0,0.01188457592669015
400.0,0.011884660512966858
401.0,0.01188474824259276
402.0,0.011884834031287792
403.0,0.011884906253134046
404.0,0.011884982123342096
405.0,0.01188507050640849
406.0,0.011885144651845425
407.0,0.011885223080630482
408.0,0.011885310094297614
409.0,0.01188539339767318
410.0,0.011885471160393646
411.0,0.011885545360348547
412.0,0.011885619050213144
413.0,0.011885689084949158
414.0,0.01188577803129232
415.0,0.011885858335688582
416.0,0.011885940987305305
417.0,0.011886021202978096
418.0,0.011886102046475588
419.0,0.011886182995669735
420.0,0.011886262951000957
421.0,0.011886331996966221
422.0,0.011886405392900054
423.0,0.01188647782299778
424.0,0.01188654861498379
425.0,0.011886626688967648
426.0,0.011886701288833297
427.0,0.01188678612653317
428.0,0.01188686730739395
429.0,0.011886947662382547
430.0,0.011887028131114438
431.0,0.011887107279759062
432.0,0.011887181205897369
433.0,0.011887248130696122
434.0,0.011887319184900838
435.0,0.011887388786300173
436.0,0.011887452646124771
437.0,0.011887513601060338
438.0,0.011887573292502864
439.0,0.011887629551157105
440.0,0.011887683191789095
441.0,0.011887729631450804
442.0,0.011887773323813466
443.0,0.011887817744860174
444.0,0.011887863287633152
445.0,0.011887903473403672
446.0,0.01188794720592501
447.0,0.011887989223884307
448.0,0.011888024287937629
449.0,0.011888060406044034
450.0,0.011888094251517206
451.0,0.011888125160364953
452.0,0.011888153316494584
453.0,0.01188818339809648
454.0,0.011888209520318013
455.0,0.01188823305087471
456.0,0.011888259404148744
457.0,0.011888280143636281
458.0,0.011888307413619377
459.0,0.011888329235404166
460.0,0.011888348487593072
461.0,0.011888367864610744
462.0,0.0118883821038885
463.0,0.011888392079183978
464.0,0.011888400393330958
465.0,0.011888409827771874
466.0,0.01188841502923003
467.0,0.011888417943008323
468.0,0.011888423015416441
469.0,0.011888424610402725
470.0,0.011888421598900465
471.0,0.011888418143443321
472.0,0.011888416745598722
473.0,0.01188841423407402
474.0,0.011888409934405528
475.0,0.011888405488430627
476.0,0.011888396461203677
477.0,0.011888388602035189
478.0,0.011888377698712142
479.0,0.011888366398206968
480.0,0.011888353842504949
481.0,0.011888337076235163
482.0,0.011888315583279681
483.0,0.011888293458737625
484.0,0.01188826958468479
485.0,0.011888241913264697
486.0,0.01188821165292754
487.0,0.011888177323443381
488.0,0.011888144171836621
489.0,0.011888106546627223
490.0,0.011888070038740355
491.0,0.011888034064053987
492.0,0.011887997980568183
493.0,0.011887988369989855
494.0,0.011887936702126851
495.0,0.011887886669996364
496.0,0.011887872755991761
497.0,0.011887808978069386
498.0,0.01188775358949064
499.0,0.011887738428512297
500.0,0.01188767549198227
501.0,0.011887658766319236
502.0,0.011887595051855502
503.0,0.01188757878350991
504.0,0.01188751590574011
505.0,0.01188750001754492
506.0,0.011887443190413346
507.0,0.0118874284071261
508.0,0.011887377063452019
509.0,0.01188736405035136
510.0,0.011887316399997495
511.0,0.011887305514554303
512.0,0.011887292650183071
513.0,0.011887246598846353
514.0,0.011887234804771087
515.0,0.011887196305382122
516.0,0.011887187029052428
517.0,0.011887177569186237
518.0,0.011887140231420911
519.0,0.011887131830486456
520.0,0.011887103453792902
521.0,0.011887096456512808
522.0,0.01188708860966543
523.0,0.011887058178190552
524.0,0.011887050757838512
525.0,0.011887043085513783
526.0,0.011887012127782799
527.0,0.011887005487798443
528.0,0.011886997874576439
529.0,0.011886989739645195
530.0,0.011886958323339688
531.0,0.011886952514607455
532.0,0.011886945736842524
533.0,0.01188693873279731
534.0,0.011886930501100654
535.0,0.011886922425290958
536.0,0.011886913630852744
537.0,0.01188688518014693
538.0,0.01188688120108045
539.0,0.011886877114451777
540.0,0.011886872541358891
541.0,0.011886868327896243
542.0,0.011886864459721971
543.0,0.011886859614810215
544.0,0.011886854797039919
545.0,0.01188684866504396
546.0,0.01188684169592379
547.0,0.011886821742698107
548.0,0.011886818727325239
549.0,0.01188681670381524
550.0,0.011886815010621301
551.0,0.011886813444816168
552.0,0.011886812016010249
553.0,0.011886810817080925
554.0,0.011886810246120982
555.0,0.011886803769524163
556.0,0.011886804734392869
557.0,0.011886806250614898
558.0,0.011886807308164361
559.0,0.011886808863260271
560.0,0.011886809957558944
561.0,0.01188681121921313
562.0,0.011886814314967018
563.0,0.01188682325210306
564.0,0.011886828703809872
565.0,0.011886835283611176
566.0,0.011886841648858042
567.0,0.011886848857809485
568.0,0.011886856328558593
569.0,0.011886863789430584
570.0,0.011886871153685738
571.0,0.011886879118181334
572.0,0.011886886811406826
573.0,0.011886894620273375
574.0,0.011886902435266505
575.0,0.011886909867136013
576.0,0.011886918640550305
577.0,0.011886928086896792
578.0,0.011886938309840858
579.0,0.011886948926368327
580.0,0.011886959796912771
581.0,0.011886971393903783
582.0,0.011886983421814169
583.0,0.011886995140625512
584.0,0.01188700671566245
585.0,0.011887019862648701
586.0,0.011887033701810257
587.0,0.011887046985064239
588.0,0.011887061491778865
589.0,0.011887076225707022
590.0,0.01188709150362794
591.0,0.011887107375069319
592.0,0.01188712290782011
593.0,0.011887137242618986
594.0,0.011887154111550937
595.0,0.011887169489460598
596.0,0.011887184265587134
597.0,0.011887197928394757
598.0,0.011887212005939406
599.0,0.011887226056579554
600.0,0.011887241492739392
601.0,0.011887255557455224
602.0,0.011887270489648615
603.0,0.011887285268510534
604.0,0.01188730162077282
605.0,0.01188731752723173
606.0,0.011887332718454222
607.0,0.011887350233605739
608.0,0.011887367639854624
609.0,0.011887384969778538
610.0,0.01188740142052231
611.0,0.011887417880909775
612.0,0.011887433551176097
613.0,0.01188744961752663
614.0,0.011887466346441323
615.0,0.011887483729912548
616.0,0.011887499299167372
617.0,0.011887515273540195
618.0,0.011887530599368597
619.0,0.011887545431965168
620.0,0.011887561286993512
621.0,0.011887576705089158
622.0,0.011887592922060635
623.0,0.011887609959480402
624.0,0.011887626468073039
625.0,0.011887642851967833
626.0,0.011887659314021913
627.0,0.01188767472551094
628.0,0.01188769151226725
629.0,0.011887707921398686
630.0,0.01188772450407463
631.0,0.011887741468050696
632.0,0.011887760406951992
633.0,0.011887777774962397
634.0,0.01188779552384052
635.0,0.01188781690797123
636.0,0.011887836195561547
637.0,0.011887855981231377
638.0,0.011887876362750887
639.0,0.011887898122470502
640.0,0.011887920547776185
641.0,0.011887943799690633
642.0,0.011887966950694832
643.0,0.011887989744195509
644.0,0.011888013591371158
645.0,0.011888036642498222
646.0,0.011888059387713389
647.0,0.011888080060195013
648.0,0.011888102321543623
649.0,0.011888125659510654
650.0,0.011888148743772257
651.0,0.01188817079020997
652.0,0.011888192886078935
653.0,0.011888216595633307
654.0,0.011888240757566178
655.0,0.01188826446823671
656.0,0.01188828685303676
657.0,0.011888310895530841
658.0,0.011888335740978126
659.0,0.011888359253280145
660.0,0.011888383327640521
661.0,0.011888406815114182
662.0,0.011888430601866892
663.0,0.011888454012509195
664.0,0.011888475239953664
665.0,0.011888497817825246
666.0,0.011888519058032402
667.0,0.011888540074246216
668.0,0.011888559797246031
669.0,0.011888579475229921
670.0,0.011888597871363388
671.0,0.011888616766280637
672.0,0.011888634398874144
673.0,0.011888651912229129
674.0,0.0118886688576243
675.0,0.011888686099136748
676.0,0.0118887036103365
677.0,0.011888719207707961
678.0,0.011888734646168301
679.0,0.011888749019190008
680.0,0.011888764299179155
681.0,0.011888779403972156
682.0,0.01188879500190185
683.0,0.011888810813518867
684.0,0.011888826087333406
685.0,0.01188884187154928
686.0,0.011888858061197723
687.0,0.01188887410637901
688.0,0.011888891862395619
689.0,0.01188890917909722
690.0,0.01188892743948439
691.0,0.011888945963119388
692.0,0.011888964238405976
693.0,0.011888983008304101
694.0,0.01188900247471628
695.0,0.011889022169181189
696.0,0.01188904114434142
697.0,0.011889059585056603
698.0,0.011889076413543805
699.0,0.011889094820331373
700.0,0.011889111562592761
701.0,0.011889127524893954
702.0,0.01188914287835532
703.0,0.011889158715131687
704.0,0.011889172694411917
705.0,0.011889185815247855
706.0,0.011889199460604124
707.0,0.011889212653224169
708.0,0.011889224893979023
709.0,0.011889237135015041
710.0,0.011889249481249527
711.0,0.011889262463792197
712.0,0.011889274631740257
713.0,0.011889289061020762
714.0,0.011889302994667929
715.0,0.011889316974373402
716.0,0.011889330865023112
717.0,0.011889345645462793
718.0,0.011889360164128119
719.0,0.011889373897585844
720.0,0.011889387133337693
721.0,0.011889400966812708
722.0,0.011889413570048165
723.0,0.011889426913387943
724.0,0.01188944022434225
725.0,0.011889454543086321
726.0,0.01188946900112297
727.0,0.011889483539627882
728.0,0.011889498099615224
729.0,0.01188951120888389
730.0,0.011889524256612716
731.0,0.011889537444034197
732.0,0.011889549934068927
733.0,0.011889561766816171
734.0,0.011889573757627909
735.0,0.011889585573936792
736.0,0.011889597537442897
737.0,0.011889608755341927
738.0,0.011889619938809114
739.0,0.01188963178303857
740.0,0.011889642735801207
741.0,0.011889654247457597
742.0,0.011889665727253477
743.0,0.011889675948271833
744.0,0.011889686606144468
745.0,0.01188969715438691
746.0,0.011889707711713389
747.0,0.011889718291255312
748.0,0.011889727996656344
749.0,0.011889737880105947
750.0,0.011889747315058536
751.0,0.011889758001788391
752.0,0.01188976849887749
753.0,0.011889779258477614
754.0,0.011889789209451074
755.0,0.011889798930647361
756.0,0.011889809103678938
757.0,0.011889818855130404
758.0,0.011889828424612565
759.0,0.011889839091827021
760.0,0.011889849258573375
761.0,0.011889859854283914
762.0,0.011889870418400988
763.0,0.011889880902649962
764.0,0.01188989043666466
765.0,0.01188990108706205
766.0,0.01188991087915223
767.0,0.011889920485584283
768.0,0.011889929453139908
769.0,0.011889937508264128
770.0,0.01188994605190618
771.0,0.011889954148468499
772.0,0.01188996196657663
773.0,0.011889969908795667
774.0,0.011889976811362415
775.0,0.011889983264313914
776.0,0.011889989482711385
777.0,0.011889995777780493
778.0,0.01189000144595657
779.0,0.011890006861355829
780.0,0.01189001216504988
781.0,0.011890017767520833
782.0,0.01189002380861675
783.0,0.011890029649135589
784.0,0.011890036287025174
785.0,0.011890042861513435
786.0,0.011890049955638884
787.0,0.011890057744712176
788.0,0.011890064796789147
789.0,0.011890073513143702
790.0,0.01189008230148949
791.0,0.011890091628976508
792.0,0.011890100322077072
793.0,0.011890109951574692
794.0,0.011890119472166144
795.0,0.011890129593246111
796.0,0.011890139238788254
797.0,0.011890149537513377
798.0,0.011890159156712739
799.0,0.011890167444627711
800.0,0.011890176557762476
801.0,0.011890185486751782
802.0,0.01189019398998599
803.0,0.011890202407919206
804.0,0.011890209843039777
805.0,0.011890217628853991
806.0,0.011890224490585646
807.0,0.011890230513703193
808.0,0.011890236490807672
809.0,0.011890242420277029
810.0,0.011890248103261981
811.0,0.011890253762052225
812.0,0.011890259204669497
813.0,0.011890264524731289
814.0,0.011890269728239335
815.0,0.011890274434108242
816.0,0.011890278545761851
817.0,0.011890283299183697
818.0,0.011890287482559159
819.0,0.011890292218195818
820.0,0.01189029641154605
821.0,0.011890300908498267
822.0,0.011890305173429113
823.0,0.01189030928694315
824.0,0.011890313461105919
825.0,0.011890317488533858
826.0,0.011890321461060305
827.0,0.011890326264993095
828.0,0.01189033071974162
829.0,0.011890335973756537
830.0,0.011890341004246675
831.0,0.011890346056153411
832.0,0.011890352168050526
833.0,0.011890358468492271
834.0,0.011890364804169407
835.0,0.011890371183138047
836.0,0.011890377463456376
837.0,0.011890384252480481
838.0,0.011890390864805572
839.0,0.011890396748285723
840.0,0.011890402403110532
841.0,0.011890408465458493
842.0,0.0118904146625921
843.0,0.011890421348257914
844.0,0.011890427065073279
845.0,0.011890432410542853
846.0,0.011890437778915457
847.0,0.011890442602638059
848.0,0.011890446758816349
849.0,0.011890450948255745
850.0,0.01189045486945713
851.0,0.011890458167112844
852.0,0.011890460921075366
853.0,0.011890464067755669
854.0,0.011890466635750826
855.0,0.011890468670505555
856.0,0.011890470711762436
857.0,0.011890472615972106
858.0,0.011890474836691013
859.0,0.011890477061008424
860.0,0.01189047910085064
861.0,0.011890482301943735
862.0,0.011890485706969066
863.0,0.01189048945683286
864.0,0.011890493412782688
865.0,0.01189049779318907
866.0,0.011890502054018409
867.0,0.01189050731240935
868.0,0.011890513224893456
869.0,0.011890519455912088
870.0,0.011890526154582262
871.0,0.011890532550977176
872.0,0.011890538463582324
873.0,0.011890545046264083
874.0,0.011890551842059775
875.0,0.011890558738275053
876.0,0.011890565149289217
877.0,0.011890570931297206
878.0,0.01189057634210766
879.0,0.011890581033966466
880.0,0.011890585098537715
881.0,0.011890588713205523
882.0,0.011890591001001677
883.0,0.011890593591461142
884.0,0.01189059579284474
885.0,0.011890597539840323
886.0,0.011890599136626831
887.0,0.011890600343898593
888.0,0.011890601588451141
889.0,0.01189060256566913
890.0,0.011890603910091615
891.0,0.011890605297540977
892.0,0.011890607064495984
893.0,0.011890608443062885
894.0,0.011890610105006
895.0,0.0118906122926033
896.0,0.011890614579804566
897.0,0.01189061667585339
898.0,0.011890619656554784
899.0,0.011890622101281742
900.0,0.011890624791089478
901.0,0.011890627481772869
902.0,0.011890630143559932
903.0,0.011890632714388286
904.0,0.011890635584596857
905.0,0.011890638884257137
906.0,0.011890641776695967
907.0,0.011890644408497946
908.0,0.011890646523845142
909.0,0.01189064853591483
910.0,0.0118906503581797
911.0,0.011890652423621702
912.0,0.011890654193417912
913.0,0.011890655842758158
914.0,0.01189065756115354
915.0,0.011890659061991975
916.0,0.011890660136347575
917.0,0.011890661379427393
918.0,0.011890663163971076
919.0,0.011890664808116843
920.0,0.011890666539054165
921.0,0.011890668323022945
922.0,0.011890670035150238
923.0,0.011890672074090423
924.0,0.011890674174523063
925.0,0.011890676144149515
926.0,0.011890678080527285
927.0,0.011890680454957066
928.0,0.01189068291237588
929.0,0.011890685801812313
930.0,0.011890688545754742
931.0,0.01189069173963723
932.0,0.011890695045512465
933.0,0.011890698408177136
934.0,0.01189070161281531
935.0,0.011890704899902028
936.0,0.01189070827637088
937.0,0.011890711521414608
938.0,0.011890714722334512
939.0,0.011890717967867179
940.0,0.011890721105458392
941.0,0.01189072413778714
942.0,0.011890727248843328
943.0,0.01189073071245921
944.0,0.011890734243018194
945.0,0.011890737456968364
946.0,0.011890740046595644
947.0,0.011890743144241149
948.0,0.011890745487136162
949.0,0.01189074830161846
950.0,0.011890750794136117
951.0,0.011890753235869021
952.0,0.011890755583536926
953.0,0.0118907580228467
954.0,0.01189076059808826
955.0,0.011890763156386564
956.0,0.0118907653107324
957.0,0.011890767922175574
958.0,0.011890770154000335
959.0,0.011890772972939017
960.0,0.011890775656866859
961.0,0.011890778150197843
962.0,0.0118907802220013
963.0,0.011890782254219776
964.0,0.011890784172927283
965.0,0.011890785722664275
966.0,0.011890786626824152
967.0,0.011890787933307726
968.0,0.011890789020655502
969.0,0.011890790305969774
970.0,0.011890790790932042
971.0,0.011890790975065218
972.0,0.011890791061165324
973.0,0.01189079108580406
974.0,0.011890791036828056
975.0,0.011890790520963547
976.0,0.011890789884960225
977.0,0.011890789536581497
978.0,0.011890789202900768
979.0,0.011890789104449977
980.0,0.011890786095635741
981.0,0.01189078587225963
982.0,0.01189078557775123
983.0,0.011890785820084668
984.0,0.011890786341449537
985.0,0.011890786622901904
986.0,0.011890787377980862
987.0,0.011890788136988541
988.0,0.011890789100766007
989.0,0.011890790274062892
990.0,0.011890791601243704
991.0,0.011890792732775803
992.0,0.011890794042834975
993.0,0.011890795823528026
994.0,0.01189079754762414
995.0,0.011890799888208462
996.0,0.011890802104961391
997.0,0.01189080417775212
998.0,0.011890806421859551
999.0,0.011890808984805016
1000.0,0.011890810993832525
1001.0,0.011890813587443974
1002.0,0.011890815896945071
1003.0,0.01189081871502384
1004.0,0.011890820438814974
1005.0,0.011890822843324074
1006.0,0.01189082475365625
1007.0,0.011890827058146812
1008.0,0.01189082917478032
1009.0,0.01189083149047273
1010.0,0.011890833687384517
1011.0,0.011890836063565585
1012.0,0.011890838512773201
1013.0,0.011890841012547724
1014.0,0.011890843787200704
1015.0,0.011890846755872948
1016.0,0.011890849707668776
1017.0,0.011890852841735702
1018.0,0.011890856267970297
1019.0,0.011890859154647465
1020.0,0.011890868705284241
1021.0,0.011890871470494006
1022.0,0.011890874203645492
1023.0,0.011890876715130245
1024.0,0.011890878328274304
1025.0,0.011890880029028987
1026.0,0.011890880764075877
1027.0,0.011890881632474424
1028.0,0.011890881933037034
1029.0,0.011890882249392531
1030.0,0.01189088187817408
1031.0,0.011890881724608386
1032.0,0.011890881246393143
1033.0,0.011890880837522742
1034.0,0.011890879394097649
1035.0,0.011890878199707664
1036.0,0.011890876991821394
1037.0,0.011890875544353282
1038.0,0.011890874094398164
1039.0,0.011890872813931162
1040.0,0.011890871732567579
1041.0,0.01189087067372745
1042.0,0.011890869637115402
1043.0,0.01189086865205039
1044.0,0.011890867992884831
1045.0,0.011890867249530751
1046.0,0.01189086718277256
1047.0,0.011890867227765053
1048.0,0.011890867532300594
1049.0,0.011890869919281913
1050.0,0.011890869663727757
1051.0,0.011890871345509988
1052.0,0.011890872201574422
1053.0,0.011890872854236142
1054.0,0.011890873740659582
1055.0,0.011890873941435572
1056.0,0.011890874046146761
1057.0,0.01189087421241561
1058.0,0.011890873962444835
1059.0,0.011890873897548688
1060.0,0.011890873898165915
1061.0,0.01189087402899947
1062.0,0.011890874420229123
1063.0,0.01189087485422197
1064.0,0.011890875647963657
1065.0,0.011890876396682225
1066.0,0.011890877601593547
1067.0,0.011890879251606307
1068.0,0.01189088105002375
1069.0,0.01189088353615958
1070.0,0.011890888903028671
1071.0,0.011890891303615692
1072.0,0.011890897185345356
1073.0,0.011890904631800599
1074.0,0.011890906927376908
1075.0,0.011890914065996997
1076.0,0.011890919313765414
1077.0,0.011890921927279828
1078.0,0.011890924078229613
1079.0,0.011890923499031232
1080.0,0.011890922851046558
1081.0,0.011890922109146072
1082.0,0.011890920581779728
1083.0,0.01189091878623035
1084.0,0.011890916763557056
1085.0,0.011890914849396264
1086.0,0.011890912902412303
1087.0,0.011890911086301834
1088.0,0.01189090927465351
1089.0,0.011890908263495613
1090.0,0.011890907377026935
1091.0,0.01189090707562072
1092.0,0.01189090714863555
1093.0,0.011890907707358213
1094.0,0.01189090863638544
1095.0,0.011890909814586303
1096.0,0.01189091127161894
1097.0,0.011890913017390974
1098.0,0.011890917505871658
1099.0,0.01189091896601922
1100.0,0.011890920433551645
1101.0,0.011890921581541238
1102.0,0.01189092021946419
1103.0,0.011890919315277713
1104.0,0.011890916418262733
1105.0,0.0118909143062584
1106.0,0.011890911699414895
1107.0,0.011890911648443702
1108.0,0.011890911373301272
1109.0,0.011890910902625566
1110.0,0.011890910114835694
1111.0,0.011890909574127844
1112.0,0.011890909195912933
1113.0,0.011890909383295192
1114.0,0.011890909129945277
1115.0,0.01189090951286739
1116.0,0.01189091011920004
1117.0,0.011890910987148241
1118.0,0.011890911696517778
1119.0,0.011890913041655609
1120.0,0.011890914540307142
1121.0,0.011890915776030356
1122.0,0.011890918416823573
1123.0,0.01189092062461681
1124.0,0.011890922823511544
1125.0,0.011890924498784637
1126.0,0.011890925929018243
1127.0,0.011890928038240893
1128.0,0.011890929072726404
1129.0,0.011890932914831637
1130.0,0.011890936370005246
1131.0,0.011890940414342818
1132.0,0.011890944663335519
1133.0,0.011890948327925492
1134.0,0.011890948897357815
1135.0,0.01189094955523367
1136.0,0.011890950094155186
1137.0,0.011890950892475282
1138.0,0.011890951544846982
1139.0,0.011890952360626999
1140.0,0.011890953079303653
1141.0,0.01189095373088568
1142.0,0.01189095444165126
1143.0,0.011890956445857715
1144.0,0.011890958450641259
1145.0,0.011890967389731754
1146.0,0.011890966386429613
1147.0,0.011890966249097766
1148.0,0.011890963565823257
1149.0,0.011890961103600096
1150.0,0.011890957022034519
1151.0,0.011890957112215696
1152.0,0.011890953134577402
1153.0,0.011890952812915636
1154.0,0.011890951677232807
1155.0,0.011890951219971458
1156.0,0.011890950548257565
1157.0,0.011890950040683006
1158.0,0.011890948730287136
1159.0,0.01189094764274901
1160.0,0.01189094664219895
1161.0,0.01189094046107002
1162.0,0.011890933915029312
1163.0,0.011890927223543816
1164.0,0.011890922277879634
1165.0,0.011890917310664896
1166.0,0.011890912636279933
1167.0,0.011890909049823935
1168.0,0.011890909313926258
1169.0,0.01189090924144407
1170.0,0.011890912064617584
1171.0,0.011890917918434302
1172.0,0.011890925167766235
1173.0,0.011890931280994355
1174.0,0.011890940502344788
1175.0,0.011890943077657142
1176.0,0.011890946364885299
1177.0,0.011890949513362763
1178.0,0.011890953533699483
1179.0,0.011890957473069012
1180.0,0.011890961002746284
1181.0,0.011890965388341699
1182.0,0.011890969417472134
1183.0,0.01189097431369448
1184.0,0.011890978829095164
1185.0,0.011890993548028781
1186.0,0.011891005923329832
1187.0,0.011891014699318678
1188.0,0.01189101983799193
1189.0,0.011891032145488367
1190.0,0.01189102575906771
1191.0,0.011891022854603903
1192.0,0.011891018222671837
1193.0,0.011891012773180443
1194.0,0.011891006130494855
1195.0,0.011890984224921738
1196.0,0.011890963158391556
1197.0,0.011890945620353055
1198.0,0.011890927897644794
1199.0,0.011890914351801533
1200.0,0.011890902468031067
1201.0,0.01189089353064245
1202.0,0.011890887600772802
1203.0,0.011890863355183003
1204.0,0.023837492451751374
1205.0,0.018742040724880296
1206.0,0.014920620886911217
1207.0,0.01339034779914009
1208.0,0.012624934574071085
1209.0,0.01220030429073991
1210.0,0.011933187415492432
1211.0,0.011753037805498908
1212.0,0.011623387345706717
1213.0,0.011530404019145476
1214.0,0.01146653262858788
1215.0,0.01142651944686161
1216.0,0.01140610149093503
1217.0,0.011402527516672674
1218.0,0.011411876844265565
1219.0,0.01143068204522066
1220.0,0.011456066698660903
1221.0,0.011485060406079113
1222.0,0.011515794052758275
1223.0,0.011546799132138649
1224.0,0.011576954425193287
1225.0,0.011605733003249965
1226.0,0.01163244579999791
1227.0,0.011657023206812549
1228.0,0.01167942199649743
1229.0,0.011699777257024197
1230.0,0.011718458788307738
1231.0,0.011735623078050221
1232.0,0.011751581335893865
1233.0,0.01176657357144067
1234.0,0.01178078087859547
1235.0,0.01179437948347836
1236.0,0.011807503548715006
1237.0,0.011820295628588762
1238.0,0.011832703444273488
1239.0,0.011844662258048642
1240.0,0.011856100050605249
1241.0,0.011867022288216567
1242.0,0.011877302510524294
1243.0,0.011886662718624416
1244.0,0.011895245530035542
1245.0,0.011902803428632078
1246.0,0.011909404341286227
1247.0,0.01191514107661483
1248.0,0.011919899447525122
1249.0,0.01192392869833668
1250.0,0.011927209601604085
1251.0,0.011929544423839264
1252.0,0.01193142908546321
1253.0,0.011932901080858526
1254.0,0.011933953385171283
1255.0,0.011934798748117221
1256.0,0.011935590143370924
1257.0,0.01193643611176231
1258.0,0.011937306792516983
1259.0,0.011938238746452367
1260.0,0.011939197107579087
1261.0,0.01194023429171752
1262.0,0.011941273997800286
1263.0,0.011942303416701229
1264.0,0.01194332776630765
1265.0,0.011944287908739528
1266.0,0.0119451904302751
1267.0,0.011945996264579012
1268.0,0.011948430105786837
1269.0,0.011948566030563481
1270.0,0.01194862469885807
1271.0,0.011948680350414732
1272.0,0.011948743854840183
1273.0,0.011948837267564757
1274.0,0.01194897739068948
1275.0,0.011950199756315198
1276.0,0.011950138857944903
1277.0,0.01195015074318358
1278.0,0.011950241648762624
1279.0,0.011950400449668871
1280.0,0.011950633566910299
1281.0,0.011952148626266566
1282.0,0.01195211583531074
1283.0,0.011952099617587897
1284.0,0.011952135235925594
1285.0,0.01195324265501992
1286.0,0.011953109246680058
1287.0,0.011952989390783477
1288.0,0.011952916813723149
1289.0,0.01195286845594018
1290.0,0.011952841519172738
1291.0,0.011952850189750168
1292.0,0.011952883647089727
1293.0,0.011952946109308901
1294.0,0.011953010284953082
1295.0,0.011953096862297157
1296.0,0.011953206306747791
1297.0,0.011953307360865808
1298.0,0.011953406796006939
1299.0,0.011953480526279653
1300.0,0.011954484327026425
1301.0,0.011954349906638316
1302.0,0.011954173895284885
1303.0,0.011953975819652726
1304.0,0.01195376094262907
1305.0,0.01195353809181553
1306.0,0.011953309130273974
1307.0,0.011953086788472246
1308.0,0.011952881965221696
1309.0,0.011952695164263977
1310.0,0.01195252894845361
1311.0,0.011952370355724183
1312.0,0.01195223375299562
1313.0,0.011952104921353249
1314.0,0.011951990556343738
1315.0,0.01195187306271487
1316.0,0.01195175260530045
1317.0,0.011951621443209898
1318.0,0.011951482844758252
1319.0,0.011951338737413256
1320.0,0.01195118469770351
1321.0,0.011951014725397242
1322.0,0.011950828411178475
1323.0,0.011950622195342568
1324.0,0.011950393665688851
1325.0,0.01195014786981065
1326.0,0.011949884340171028
1327.0,0.011949602031294611
1328.0,0.011949312138089889
1329.0,0.01194900583120933
1330.0,0.011948695328559647
1331.0,0.011948375017370413
1332.0,0.011948052074149534
1333.0,0.01194772912809221
1334.0,0.011947411347033931
1335.0,0.011947096080027472
1336.0,0.011946781060652877
1337.0,0.011946470992611879
1338.0,0.011946159557603711
1339.0,0.011945856359921039
1340.0,0.011945557865185153
1341.0,0.011944959153259892
1342.0,0.011944803413330431
1343.0,0.011944652052285617
1344.0,0.011944467206797734
1345.0,0.011944258759027455
1346.0,0.011944023863279845
1347.0,0.01194374789608708
1348.0,0.01194343726270566
1349.0,0.011943102656400877
1350.0,0.01194275408895238
1351.0,0.011942398297509444
1352.0,0.011941668893522234
1353.0,0.011941464426766855
1354.0,0.011941266929283073
1355.0,0.011941073517303325
1356.0,0.011940867310206028
1357.0,0.011940649383921226
1358.0,0.011940415492552692
1359.0,0.011940169034422514
1360.0,0.011939912902312905
1361.0,0.011939648872158612
1362.0,0.01193938101578881
1363.0,0.011939112961977262
1364.0,0.011938929449217501
1365.0,0.011938627278617154
1366.0,0.01193835214940906
1367.0,0.011938077611851639
1368.0,0.011937816421197102
1369.0,0.011937568214074932
1370.0,0.011937323458413534
1371.0,0.011937099910867232
1372.0,0.011936453631571385
1373.0,0.011936368030270837
1374.0,0.011936302729182384
1375.0,0.011936203620871727
1376.0,0.011936100838959247
1377.0,0.011935999616546497
1378.0,0.01193587718133287
1379.0,0.011935725641746204
1380.0,0.011935549226161916
1381.0,0.011935353244555195
1382.0,0.011935140270720339
1383.0,0.01193464935682359
1384.0,0.011934514357052624
1385.0,0.011934378682464237
1386.0,0.011934245210456386
1387.0,0.01193410147004553
1388.0,0.01193394811210539
1389.0,0.011933782376116848
1390.0,0.011933611851866458
1391.0,0.011933432843137737
1392.0,0.011933258633540984
1393.0,0.011933084707357657
1394.0,0.011932971036461449
1395.0,0.011932789578405007
1396.0,0.01193267602036767
1397.0,0.011932482580465266
1398.0,0.0119323705504273
1399.0,0.011932173066260824
1400.0,0.011931986094731317
1401.0,0.011931816576612913
1402.0,0.01193166110648581
1403.0,0.01193117286825387
1404.0,0.011931134793632206
1405.0,0.011931125017724024
1406.0,0.011931119795426031
1407.0,0.011931114790170727
1408.0,0.011931066467109902
1409.0,0.011931033761903333
1410.0,0.011930979651481877
1411.0,0.011930901865408898
1412.0,0.011930826095025947
1413.0,0.011930695270205767
1414.0,0.01193055585749716
1415.0,0.011930404105132863
1416.0,0.011930250769359814
1417.0,0.011930102829724712
1418.0,0.011929955369765741
1419.0,0.011929814427103544
1420.0,0.011929253705427906
1421.0,0.01192923027245644
1422.0,0.011929233833682355
1423.0,0.011929207368584854
1424.0,0.011929183186956058
1425.0,0.011929161225755203
1426.0,0.011929178457209942
1427.0,0.01192917666866465
1428.0,0.011929151177433686
1429.0,0.011929104277451018
1430.0,0.011929041578471853
1431.0,0.011928965212393984
1432.0,0.011928876425440212
1433.0,0.011928657778237943
1434.0,0.011928597050862496
1435.0,0.011928537042592356
1436.0,0.011928477006358192
1437.0,0.011928412410593314
1438.0,0.011928340228882629
1439.0,0.011928260351518252
1440.0,0.011928174259252518
1441.0,0.01192808372966276
1442.0,0.011928028600516668
1443.0,0.011927970953042478
1444.0,0.01192791100057435
1445.0,0.011927789894487301
1446.0,0.011927730370430866
1447.0,0.011927606236818256
1448.0,0.011927491584671965
1449.0,0.01192739389694153
1450.0,0.011927312617077052
1451.0,0.011927251576958781
1452.0,0.0119272072120088
1453.0,0.011927158887324126
1454.0,0.01192714318372513
1455.0,0.011927123434460337
1456.0,0.011927106757036385
1457.0,0.011927091639067576
1458.0,0.01192707678044335
1459.0,0.01192707548076569
1460.0,0.0119270586514569
1461.0,0.011927024880505838
1462.0,0.011926976087214798
1463.0,0.01192691281027201
1464.0,0.011926840933424233
1465.0,0.0119267651883932
1466.0,0.011926689362667449
1467.0,0.011926614700991666
1468.0,0.011926543384472335
1469.0,0.011926378035573428
1470.0,0.011926345820081138
1471.0,0.011926324730403462
1472.0,0.011926307481599202
1473.0,0.011926291015672935
1474.0,0.011926273110092006
1475.0,0.011926252165475174
1476.0,0.011926229743426414
1477.0,0.011926204983652062
1478.0,0.011926177868325935
1479.0,0.011926123740858902
1480.0,0.011926064731796955
1481.0,0.011926003586656166
1482.0,0.011925944017733343
1483.0,0.011925889543825688
1484.0,0.011925841540029592
1485.0,0.01192580284130802
1486.0,0.011925680421385903
1487.0,0.011925672590812782
1488.0,0.011925661883334427
1489.0,0.011925665796043112
1490.0,0.011925656752811462
1491.0,0.011925646054353436
1492.0,0.01192564059944101
1493.0,0.01192562627446267
1494.0,0.011925601229399712
1495.0,0.011925567874411527
1496.0,0.011925527997281544
1497.0,0.011925483720037714
1498.0,0.011925436986033839
1499.0,0.011925388657073367
1500.0,0.011925343545804643
1501.0,0.011925236738272912
1502.0,0.011925141960179807
1503.0,0.011925133316801716
1504.0,0.011925123838309452
1505.0,0.011925116692039292
1506.0,0.01192511102571764
1507.0,0.011925106193271367
1508.0,0.01192511467606162
1509.0,0.011925117335837367
1510.0,0.011925110683680417
1511.0,0.011925099004251868
1512.0,0.011925087677358278
1513.0,0.01192507409034773
1514.0,0.011925058009722243
1515.0,0.011925036467567622
1516.0,0.01192500551907258
1517.0,0.011924972104981633
1518.0,0.01192492990084415
1519.0,0.011924907150601127
1520.0,0.011924881094464622
1521.0,0.011924852511693526
1522.0,0.011924821258130517
1523.0,0.011924787043097018
1524.0,0.011924694039164643
1525.0,0.011924608858708738
1526.0,0.011924534444496093
1527.0,0.011924473551066312
1528.0,0.011924428178311783
1529.0,0.011924398555920066
1530.0,0.0119243868270177
1531.0,0.011924386431727803
1532.0,0.011924396630638717
1533.0,0.011924415087776865
1534.0,0.011924438320412714
1535.0,0.011924462855629111
1536.0,0.0119244868989212
1537.0,0.011924508649424211
1538.0,0.011924524651848335
1539.0,0.011924534038130166
1540.0,0.011924527762058216
1541.0,0.011924519787427526
1542.0,0.011924509704554493
1543.0,0.011924497687983334
1544.0,0.011924482968578039
1545.0,0.01192446606957029
1546.0,0.0119244464739249
1547.0,0.011924423751951733
1548.0,0.01192436072700304
1549.0,0.011924295913475293
1550.0,0.01192392732993187
1551.0,0.011923928582036336
1552.0,0.011923949155732383
1553.0,0.011923957347713806
1554.0,0.011923970199708273
1555.0,0.011923987249722491
1556.0,0.01192400667842186
1557.0,0.011924028030143271
1558.0,0.011924049627985087
1559.0,0.011924070390322769
1560.0,0.011924090239593156
1561.0,0.01192410749448933
1562.0,0.011924121062253008
1563.0,0.011924160057295857
1564.0,0.011924183113930129
1565.0,0.011924193745643472
1566.0,0.011924194450046667
1567.0,0.011924188953889938
1568.0,0.011924176555611038
1569.0,0.011924160053534569
1570.0,0.011924140083864216
1571.0,0.011924116740287516
1572.0,0.011924091057478181
1573.0,0.011924064197527026
1574.0,0.01192403443757589
1575.0,0.011924004616707225
1576.0,0.011923989741470537
1577.0,0.011923974236886152
1578.0,0.011923955916104905
1579.0,0.011923936772112361
1580.0,0.011923917243817835
1581.0,0.011923897257820304
1582.0,0.011923874860089525
1583.0,0.011923851735952033
1584.0,0.011923826551158881
1585.0,0.011923801405109175
1586.0,0.011923775257125312
1587.0,0.011923707897871451
1588.0,0.011923654528149953
1589.0,0.011923618263317596
1590.0,0.011923595287311958
1591.0,0.01192358541567708
1592.0,0.011923588081474163
1593.0,0.011923599617424013
1594.0,0.011923619155871104
1595.0,0.011923641770184824
1596.0,0.011923665272626144
1597.0,0.011923688569331063
1598.0,0.011923708951660596
1599.0,0.011923711962182084
1600.0,0.011923712220642773
1601.0,0.01192370956478965
1602.0,0.011923704468035569
1603.0,0.011923696899236806
1604.0,0.01192368727801194
1605.0,0.01192367486248379
1606.0,0.011923660231610629
1607.0,0.011923643623336382
1608.0,0.011923624779212496
1609.0,0.011923604223984599
1610.0,0.011923548105348502
1611.0,0.011923502031669302
1612.0,0.011923461162682631
1613.0,0.011923427800632951
1614.0,0.011923401790295864
1615.0,0.011923389013562241
1616.0,0.011923381466746619
1617.0,0.011923378920160621
1618.0,0.011923378579501454
1619.0,0.01192338030585977
1620.0,0.0119233843542483
1621.0,0.011923387903612267
1622.0,0.011923391762859146
1623.0,0.011923390230560707
1624.0,0.011923388002384093
1625.0,0.011923385034548898
1626.0,0.011923381711986562
1627.0,0.011923377675443355
1628.0,0.011923372997745919
1629.0,0.011923366771455966
1630.0,0.011923360379868308
1631.0,0.011923342852184526
1632.0,0.011923326488083833
1633.0,0.011923311795060398
1634.0,0.011923239933203841
1635.0,0.011923247845144393
1636.0,0.011923250909264356
1637.0,0.01192326908504883
1638.0,0.011923275894479718
1639.0,0.011923299617299727
1640.0,0.011923318754634052
1641.0,0.011923333455312627
1642.0,0.011923334804829135
1643.0,0.011923334029896544
1644.0,0.011923330686489528
1645.0,0.011923325279283872
1646.0,0.011923317077051023
1647.0,0.011923306793324684
1648.0,0.011923271134934837
1649.0,0.011923232848064565
1650.0,0.011923193196022978
1651.0,0.011923156975911496
1652.0,0.011923124932025034
1653.0,0.011923099264482977
1654.0,0.011923039606030339
1655.0,0.011923044820549318
1656.0,0.011923058053889126
1657.0,0.01192307752528834
1658.0,0.011923083836408365
1659.0,0.011923091407968751
1660.0,0.011923099229497065
1661.0,0.011923108006173144
1662.0,0.011923116325576908
1663.0,0.011923124948816699
1664.0,0.011923152394429964
1665.0,0.0119231747571176
1666.0,0.011923189613916656
1667.0,0.011923199621322406
1668.0,0.011923204793560554
1669.0,0.011923205805664605
1670.0,0.011923201620107564
1671.0,0.011923194517671588
1672.0,0.011923162017064892
1673.0,0.011923150600072187
1674.0,0.011923137440582902
1675.0,0.01192312171266741
1676.0,0.011923104109446896
1677.0,0.011923097822426279
1678.0,0.011923090395315137
1679.0,0.011923082487287257
1680.0,0.01192307392608978
1681.0,0.011923064892968783
1682.0,0.011923054991562754
1683.0,0.011923044422888381
1684.0,0.011923033802224097
1685.0,0.011923023396364363
1686.0,0.011922993097787963
1687.0,0.011922965986467908
1688.0,0.011922945962803246
1689.0,0.01192293200735942
1690.0,0.011922924397078018
1691.0,0.011922923045225032
1692.0,0.011922927697859643
1693.0,0.011922995851505669
1694.0,0.011923001405765302
1695.0,0.011923009880031518
1696.0,0.01192301170873061
1697.0,0.011923014990075103
1698.0,0.011923018883772124
1699.0,0.011923022576692689
1700.0,0.011923039095326111
1701.0,0.011923051978345896
1702.0,0.01192305880582695
1703.0,0.011923085525284328
1704.0,0.01192307984540911
1705.0,0.011923070883875007
1706.0,0.011923060440396425
1707.0,0.01192304889506249
1708.0,0.011923038166785239
1709.0,0.01192302604098605
1710.0,0.01192301026112623
1711.0,0.011922994798560807
1712.0,0.011922978416182036
1713.0,0.011922972832988214
1714.0,0.011922966537323519
1715.0,0.011922959745895278
1716.0,0.011922952942873856
1717.0,0.011922945718909273
1718.0,0.01192293747547101
1719.0,0.01192291311068035
1720.0,0.011922891553224827
1721.0,0.01192287376933297
1722.0,0.011922861951468475
1723.0,0.01192285440763381
1724.0,0.011922852836977207
1725.0,0.011922855534763051
1726.0,0.011922864711254363
1727.0,0.011922917842807605
1728.0,0.011922931250129715
1729.0,0.011922945373357016
1730.0,0.011922961446201814
1731.0,0.011922965334763556
1732.0,0.011922968995670715
1733.0,0.01192297238345569
1734.0,0.011922975812970051
1735.0,0.011922978969034237
1736.0,0.011922981463363846
1737.0,0.01192298290334603
1738.0,0.01192298368400284
1739.0,0.011922986265165842
1740.0,0.011922984597371459
1741.0,0.011922947128993139
1742.0,0.011922939439865596
1743.0,0.011922935525755556
1744.0,0.011922921678246462
1745.0,0.011922916862584683
1746.0,0.011922911748485707
1747.0,0.011922906116860806
1748.0,0.011922900056632308
1749.0,0.011922894678157091
1750.0,0.011922889514620057
1751.0,0.011922884399995236
1752.0,0.011922879505656373
1753.0,0.011922865117169381
1754.0,0.011922855591414568
1755.0,0.011922848101626318
1756.0,0.011922842462867643
1757.0,0.01192284102112422
1758.0,0.011922841703545604
1759.0,0.011922845976724397
1760.0,0.011922853258457726
1761.0,0.011922862013075356
1762.0,0.011922871789208101
1763.0,0.011922883029955676
1764.0,0.01192289596369632
1765.0,0.011922908716659032
1766.0,0.011922920795240849
1767.0,0.01192292331471206
1768.0,0.01192293324242672
1769.0,0.01192293514881592
1770.0,0.01192293634144128
1771.0,0.01192293737402661
1772.0,0.011922937862016146
1773.0,0.011922937917341678
1774.0,0.011922936945463074
1775.0,0.011922935672232696
1776.0,0.011922933883399937
1777.0,0.01192292768122708
1778.0,0.011922920205921245
1779.0,0.011922912428674914
1780.0,0.011922902379183736
1781.0,0.011922894608146111
1782.0,0.011922886059718096
1783.0,0.01192287805827227
1784.0,0.011922872207073403
1785.0,0.011922866502194087
1786.0,0.011922860869712882
1787.0,0.01192285699162517
1788.0,0.01192285343336923
1789.0,0.011922848202079641
1790.0,0.011922847569498279
1791.0,0.011922847115623579
1792.0,0.011922846546533718
1793.0,0.01192284630994337
1794.0,0.01192284590894596
1795.0,0.011922845544200002
1796.0,0.011922844993021436
1797.0,0.011922844036389445
1798.0,0.011922843158852345
1799.0,0.011922839767840402
1800.0,0.011922836075362733
1801.0,0.01192283443018796
1802.0,0.01192283521622689
1803.0,0.011922838800010797
1804.0,0.011922843816272038
1805.0,0.011922850039356154
1806.0,0.011922857430298396
1807.0,0.011922864960665655
1808.0,0.011922871213900165
1809.0,0.01192287576993895
1810.0,0.011922880713578865
1811.0,0.011922880574247433
1812.0,0.011922879951598499
1813.0,0.011922879293722773
1814.0,0.011922877872544396
1815.0,0.011922876603942544
1816.0,0.011922874672184863
1817.0,0.011922872699134519
1818.0,0.011922870055389344
1819.0,0.01192286721626056
1820.0,0.01192286396287413
1821.0,0.011922855490094055
1822.0,0.01192284462051823
1823.0,0.011922833427078658
1824.0,0.011922824302132536
1825.0,0.011922817609973919
1826.0,0.011922811282372589
1827.0,0.011922807192082779
1828.0,0.011922803579455953
1829.0,0.01192280166141657
1830.0,0.011922802215937816
1831.0,0.011922801979422736
1832.0,0.01192280259542403
1833.0,0.011922803070135704
1834.0,0.011922801814053688
1835.0,0.011922802231283381
1836.0,0.011922802109723248
1837.0,0.011922801965184377
1838.0,0.01192280139719222
1839.0,0.011922800702899139
1840.0,0.011922799718503869
1841.0,0.01192279860577229
1842.0,0.01192279679388
1843.0,0.011922794961442683
1844.0,0.011922789759411027
1845.0,0.011922784126415521
1846.0,0.011922779391792204
1847.0,0.011922774590956062
1848.0,0.01192276736868973
1849.0,0.011922768006936082
1850.0,0.011922773519105615
1851.0,0.01192277500475329
1852.0,0.011922777406296213
1853.0,0.011922780527112754
1854.0,0.011922792257877249
1855.0,0.011922802340142962
1856.0,0.011922812833738899
1857.0,0.01192282137258146
1858.0,0.011922825893275051
1859.0,0.011922829246507366
1860.0,0.011922829081521836
1861.0,0.011922827836451842
1862.0,0.011922823342798509
1863.0,0.011922817777598904
1864.0,0.011922809094802915
1865.0,0.011922799007456108
1866.0,0.01192278988266118
1867.0,0.011922744977944348
1868.0,0.01192273892043703
1869.0,0.011922732822777843
1870.0,0.011922728192239239
1871.0,0.011922727524677282
1872.0,0.011922726957137175
1873.0,0.011922726162810463
1874.0,0.01192272565086314
1875.0,0.011922725200987281
1876.0,0.011922724941232801
1877.0,0.011922725043202239
1878.0,0.01192272562545756
1879.0,0.011922726280777993
1880.0,0.011922728117446279
1881.0,0.011922737368394621
1882.0,0.011922752380711294
1883.0,0.011922752691118844
1884.0,0.011922753251301852
1885.0,0.01192275415340921
1886.0,0.01192275540940414
1887.0,0.011922757030692784
1888.0,0.01192275876690254
1889.0,0.011922767409868659
1890.0,0.011922774511035789
1891.0,0.011922782080977256
1892.0,0.011922786394083451
1893.0,0.011922789675423658
1894.0,0.011922792674781975
1895.0,0.011922794590285795
1896.0,0.01192280227966664
1897.0,0.011922800890848115
1898.0,0.011922796427140373
1899.0,0.01192279220155251
1900.0,0.01192278841001373
1901.0,0.011922782836093848
1902.0,0.01192277282168188
1903.0,0.01192277016553778
1904.0,0.011922758827161577
1905.0,0.011922746181879534
1906.0,0.01192273273534613
1907.0,0.011922719857608094
1908.0,0.011922706645840088
1909.0,0.01192269521788026
1910.0,0.011922654399537658
1911.0,0.011922652540319793
1912.0,0.011922655545825899
1913.0,0.011922660151771368
1914.0,0.011922668962006052
1915.0,0.011922682759382465
1916.0,0.011922699206731002
1917.0,0.01192271862598635
1918.0,0.011922739167397532
1919.0,0.011922745247506262
1920.0,0.011922751467882086
1921.0,0.011922758088007432
1922.0,0.01192276535823832
1923.0,0.011922772679886964
1924.0,0.011922779881991103
1925.0,0.011922787086232463
1926.0,0.011922810151759984
1927.0,0.011922827944197282
1928.0,0.011922840537932201
1929.0,0.011922847975648182
1930.0,0.011922848982329863
1931.0,0.011922844693570689
1932.0,0.011922786572528717
1933.0,0.01192278005956078
1934.0,0.01192277755105164
1935.0,0.011922774251209758
1936.0,0.011922770584890245
1937.0,0.01192276669199366
1938.0,0.011922762572062616
1939.0,0.011922748172910048
1940.0,0.011922734115102295
1941.0,0.011922721257578614
1942.0,0.011922709294536236
1943.0,0.0119227011779193
1944.0,0.011922682634813912
1945.0,0.01192268471079494
1946.0,0.01192269158799596
1947.0,0.011922701332020795
1948.0,0.011922713806589168
1949.0,0.011922728746284951
1950.0,0.011922745471941215
1951.0,0.011922763471306514
1952.0,0.011922780743691738
1953.0,0.0119227972723359
1954.0,0.011922801073459718
1955.0,0.011922814105828666
1956.0,0.011922816791232924
1957.0,0.011922819012688145
1958.0,0.011922820479258406
1959.0,0.011922821133269486
1960.0,0.011922821604715163
1961.0,0.011922821335629021
1962.0,0.011922819264938794
1963.0,0.011922815201146828
1964.0,0.011922808468966102
1965.0,0.011922731898704613
1966.0,0.011922725347461083
1967.0,0.011922719862972731
1968.0,0.011922717966797941
1969.0,0.011922718104829453
1970.0,0.011922718689837377
1971.0,0.011922719689001361
1972.0,0.011922721221804124
1973.0,0.011922723437044902
1974.0,0.011922726071944032
1975.0,0.011922728962215941
1976.0,0.01192273564217047
1977.0,0.011922742382198476
1978.0,0.01192274577440042
1979.0,0.011922747181583855
1980.0,0.011922747519438176
1981.0,0.011922745393251765
1982.0,0.011922742788667121
1983.0,0.01192271353370235
1984.0,0.011922715557540514
1985.0,0.011922717642937727
1986.0,0.011922719857802678
1987.0,0.011922722809798905
1988.0,0.011922734249443602
1989.0,0.01192274559912009
1990.0,0.011922756173887765
1991.0,0.011922767278980189
1992.0,0.011922775772419713
1993.0,0.011922782479069503
1994.0,0.011922787375519665
1995.0,0.011922811508757306
1996.0,0.01192280998387287
1997.0,0.01192280849173992
1998.0,0.011922800190092089
1999.0,0.011922792875031342
2000.0,0.01192278473907578
2001.0,0.011922774209787037
2002.0,0.011922762858716065
2003.0,0.0119227513101039
2004.0,0.011922737938054675
2005.0,0.011922733223382767
2006.0,0.011922728635009983
2007.0,0.011922723834037995
2008.0,0.01192271876905564
2009.0,0.011922700347913297
2010.0,0.011922682351920507
2011.0,0.011922666217375259
2012.0,0.011922652397608771
2013.0,0.011922601486654517
2014.0,0.011922611579658928
2015.0,0.011922628545660528
2016.0,0.011922649413909204
2017.0,0.011922657419596855
2018.0,0.011922666789151012
2019.0,0.011922676840382992
2020.0,0.011922687524408301
2021.0,0.011922721176013671
2022.0,0.011922752163791257
2023.0,0.011922778819553843
2024.0,0.011922800294182148
2025.0,0.011922814065896285
2026.0,0.011922822081144993
2027.0,0.011922831288411623
2028.0,0.011922823393346639
2029.0,0.01192280886845418
2030.0,0.01192279068117364
2031.0,0.01192276980623394
2032.0,0.011922746937220612
2033.0,0.011922739721086168
2034.0,0.011922731866627095
2035.0,0.011922723496957728
2036.0,0.011922698437599275
2037.0,0.011922674928411873
2038.0,0.011922654044371697
2039.0,0.011922588049202576
2040.0,0.01192258250758564
2041.0,0.011922581892795436
2042.0,0.011922594565693247
2043.0,0.011922602666209606
2044.0,0.011922614639745272
2045.0,0.011922629292455574
2046.0,0.011922643500901269
2047.0,0.011922660416606345
2048.0,0.011922665159418054
2049.0,0.011922670086945098
2050.0,0.011922675147976599
2051.0,0.011922680454965391
2052.0,0.011922685395223433
2053.0,0.011922690787128341
2054.0,0.011922695854002617
2055.0,0.011922713858728947
2056.0,0.011922730521011159
2057.0,0.011922745792470947
2058.0,0.011922757309151625
2059.0,0.011922764921434311
2060.0,0.01192276825522896
2061.0,0.011922768560399864
2062.0,0.011922733345692414
2063.0,0.011922723228980333
2064.0,0.011922718866476301
2065.0,0.011922713218258215
2066.0,0.011922706834791304
2067.0,0.01192269939111517
2068.0,0.011922691447425846
2069.0,0.011922682965462943
2070.0,0.011922656194002998
2071.0,0.011922630631316178
2072.0,0.011922554937751767
2073.0,0.01192254901988608
2074.0,0.011922549583267626
2075.0,0.011922556013158704
2076.0,0.011922564939571851
2077.0,0.011922577656020152
2078.0,0.011922594652158329
2079.0,0.011922612811568516
2080.0,0.011922631888137906
2081.0,0.011922650622456798
2082.0,0.01192266866297479
2083.0,0.011922685395631218
2084.0,0.011922689406535993
2085.0,0.011922693050703075
2086.0,0.011922696811403795
2087.0,0.01192270041978927
2088.0,0.011922703557853579
2089.0,0.011922706337275686
2090.0,0.01192270857315742
2091.0,0.01192271095844778
2092.0,0.011922712431828074
2093.0,0.011922715715032216
2094.0,0.011922715043628896
2095.0,0.011922709478464518
2096.0,0.011922699245972381
2097.0,0.011922686052261027
2098.0,0.011922670688630526
2099.0,0.011922555557540784
2100.0,0.011922555343644396
2101.0,0.011922555757036709
2102.0,0.011922556023012086
2103.0,0.01192255679413862
2104.0,0.01192255781205459
2105.0,0.011922560067424919
2106.0,0.011922563590343091
2107.0,0.011922569409712702
2108.0,0.011922577485486778
2109.0,0.011922586558392994
2110.0,0.01192259690601822
2111.0,0.011922608274335287
2112.0,0.011922681840240501
2113.0,0.01192268440821343
2114.0,0.011922686323458043
2115.0,0.011922686258564002
2116.0,0.0119226851131351
2117.0,0.011922682049649642
2118.0,0.011922677394175525
2119.0,0.01192267205743349
2120.0,0.011922669029064133
2121.0,0.011922665485567264
2122.0,0.011922661597826184
2123.0,0.011922650641575324
2124.0,0.01192263912281477
2125.0,0.011922627306788211
2126.0,0.011922585534326421
2127.0,0.011922562624713523
2128.0,0.011922562377524034
2129.0,0.011922563525352219
2130.0,0.011922567375073188
2131.0,0.011922573334847931
2132.0,0.011922578765512453
2133.0,0.01192258438839948
2134.0,0.011922588040200799
2135.0,0.011922590610237819
2136.0,0.011922591819237409
2137.0,0.011922590013293993
2138.0,0.011922589852606543
2139.0,0.011922587848584805
2140.0,0.011922585722368343
2141.0,0.01192258235275281
2142.0,0.011922585098430444
2143.0,0.011922589810999395
2144.0,0.011922591154381056
2145.0,0.011922592751233705
2146.0,0.01192259481861647
2147.0,0.011922597162501197
2148.0,0.011922604361056332
2149.0,0.011922609863365801
2150.0,0.011922612798952079
2151.0,0.0119226165988317
2152.0,0.011922619001676961
2153.0,0.011922619914692668
2154.0,0.011922619819604179
2155.0,0.011922619552546277
2156.0,0.011922617867215239
2157.0,0.011922615919912664
2158.0,0.011922612159438108
2159.0,0.011922589516870578
2160.0,0.011922583232631317
2161.0,0.011922575221326883
2162.0,0.011922567238258122
2163.0,0.011922558920225784
2164.0,0.011922556837202813
2165.0,0.01192255493086058
2166.0,0.011922552699045234
2167.0,0.011922550758819452
2168.0,0.01192254863910069
2169.0,0.011922546781802868
2170.0,0.011922545031084374
2171.0,0.011922543844965078
2172.0,0.011922539965067477
2173.0,0.011922537863913948
2174.0,0.011922536243665526
2175.0,0.01192253357152085
2176.0,0.011922533436071005
2177.0,0.011922535884320275
2178.0,0.011922536639505243
2179.0,0.011922538515566274
2180.0,0.011922541212502654
2181.0,0.011922543753332673
2182.0,0.011922555131896814
2183.0,0.011922566832945684
2184.0,0.01192257789275575
2185.0,0.0119225884880588
2186.0,0.011922599410270115
2187.0,0.011922609450562898
2188.0,0.011922616293932497
2189.0,0.011922621710448403
2190.0,0.011922624491710731
2191.0,0.011922624230232895
2192.0,0.011922621326381562
2193.0,0.011922573268239344
2194.0,0.011922567517041458
2195.0,0.01192256004670844
2196.0,0.0119225577420309
2197.0,0.011922555129779126
2198.0,0.011922552451320931
2199.0,0.011922549667176565
2200.0,0.011922546441080366
2201.0,0.011922543563458222
2202.0,0.011922536005617795
2203.0,0.011922528856050739
2204.0,0.01192248895107854
2205.0,0.01192248981716569
2206.0,0.01192249206775508
2207.0,0.011922498230737386
2208.0,0.011922504260151578
2209.0,0.01192251204831821
2210.0,0.011922520915868227
2211.0,0.011922530949953816
2212.0,0.011922533757089262
2213.0,0.011922537038578995
2214.0,0.011922540622997092
2215.0,0.011922544848385064
2216.0,0.01192254923683255
2217.0,0.011922554073571033
2218.0,0.011922558598992685
2219.0,0.011922574003356372
2220.0,0.01192258987171749
2221.0,0.011922602600555538
2222.0,0.011922611398720803
2223.0,0.011922619294264391
2224.0,0.01192262512616321
2225.0,0.011922626722490141
2226.0,0.011922623917997697
2227.0,0.01192261928780815
2228.0,0.011922610718147006
2229.0,0.011922600823485202
2230.0,0.011922587818607368
2231.0,0.01192257363684837
2232.0,0.011922557012365753
2233.0,0.011922552375795453
2234.0,0.01192254762280581
2235.0,0.011922542323662294
2236.0,0.011922536622997654
2237.0,0.01192253104480897
2238.0,0.011922525003780785
2239.0,0.011922518935470208
2240.0,0.0119225123322432
2241.0,0.01192250608598102
2242.0,0.011922499749412735
2243.0,0.01192248154167011
2244.0,0.011922467714282415
2245.0,0.011922460392508532
2246.0,0.011922459907100077
2247.0,0.011922491965956043
2248.0,0.011922501358552539
2249.0,0.011922515024725678
2250.0,0.011922519898199995
2251.0,0.01192252660232769
2252.0,0.011922533810577986
2253.0,0.011922542368673721
2254.0,0.011922550915656551
